[
  {
    "name": "Charlie S. Gerardi",
    "avatar": "https://s3.amazonaws.com/uifaces/faces/twitter/brad_frost/128.jpg",
    "id": 75,
    "occupation": "Residential electrician"
  },
  {
    "name": "Riley D. Norris",
    "avatar": "",
    "id": 23,
    "occupation": "Transmission engineer"
  },
  {
    "name": "Aaron E. Poynton",
    "avatar": "https://s3.amazonaws.com/uifaces/faces/twitter/c_southam/128.jpg",
    "id": 45,
    "occupation": "Public address system announcer"
  },
  {
    "name": "Henry A. Gilchrist",
    "avatar": "https://s3.amazonaws.com/uifaces/faces/twitter/rssems/128.jpg",
    "id": 60,
    "occupation": "Professor"
  },
  {
    "name": "Cody I. Tunbridge",
    "avatar": "https://s3.amazonaws.com/uifaces/faces/twitter/adellecharles/128.jpg",
    "id": 27,
    "occupation": "Product designer"
  },
  {
    "name": "Wm A. Winslow",
    "avatar": "https://s3.amazonaws.com/uifaces/faces/twitter/kurafire/128.jpg",
    "id": 19,
    "occupation": "Contract cutter"
  },
  {
    "name": "Charles S. Gardner",
    "avatar": "https://s3.amazonaws.com/uifaces/faces/twitter/gt/128.jpg",
    "id": 22,
    "occupation": "Phlebotomist"
  },
  {
    "name": "Lincoln H. Moss",
    "avatar": "https://s3.amazonaws.com/uifaces/faces/twitter/dancounsell/128.jpg",
    "id": 36,
    "occupation": "Auto damage appraiser"
  },
  {
    "name": "Sienna H. Alanson",
    "avatar": "https://s3.amazonaws.com/uifaces/faces/twitter/9lessons/128.jpg",
    "id": 82,
    "occupation": "Oral surgeon"
  },
  {
    "name": "Richard J. Linden",
    "avatar": "https://s3.amazonaws.com/uifaces/faces/twitter/soffes/128.jpg",
    "id": 80,
    "occupation": "General internist"
  },
  {
    "name": "Lynn C. Hastings",
    "avatar": "https://s3.amazonaws.com/uifaces/faces/twitter/raquelromanp/128.jpg",
    "id": 14,
    "occupation": "Research psychologist"
  },
  {
    "name": "Randy S. Nagel",
    "avatar": "",
    "id": 17,
    "occupation": "Rail yard engineer"
  },
  {
    "name": "Patrick K. Larson",
    "avatar": "https://s3.amazonaws.com/uifaces/faces/twitter/jaredfitch/128.jpg",
    "id": 77,
    "occupation": "Librarian"
  },
  {
    "name": "Patrick A. Godfrey",
    "avatar": "https://s3.amazonaws.com/uifaces/faces/twitter/ManikRathee/128.jpg",
    "id": 69,
    "occupation": "Museum technician"
  },
  {
    "name": "Lara C. Gardiner",
    "avatar": "",
    "id": 6,
    "occupation": "Phlebotomist"
  },
  {
    "name": "Archie E. Vogel",
    "avatar": "https://s3.amazonaws.com/uifaces/faces/twitter/whale/128.jpg",
    "id": 31,
    "occupation": "U.S. marshal"
  },
  {
    "name": "Sean K. McCarthy",
    "avatar": "",
    "id": 38,
    "occupation": "Environmental meteorologist"
  },
  {
    "name": "Harrison R. Hall",
    "avatar": "https://s3.amazonaws.com/uifaces/faces/twitter/tomaslau/128.jpg",
    "id": 32,
    "occupation": "Technical recruiter"
  },
  {
    "name": "Frank P. Fuller",
    "avatar": "https://s3.amazonaws.com/uifaces/faces/twitter/fffabs/128.jpg",
    "id": 78,
    "occupation": "Deckhand"
  },
  {
    "name": "Sienna H. Hardey",
    "avatar": "https://s3.amazonaws.com/uifaces/faces/twitter/madysondesigns/128.jpg",
    "id": 55,
    "occupation": "Electronics technician"
  },
  {
    "name": "Jasmine S. Logue",
    "avatar": "https://s3.amazonaws.com/uifaces/faces/twitter/ladylexy/128.jpg",
    "id": 46,
    "occupation": "Plumbing inspector"
  },
  {
    "name": "Zoraida L. Johnson",
    "avatar": "",
    "id": 39,
    "occupation": "Guitar repairer"
  },
  {
    "name": "Ruth C. Johnson",
    "avatar": "",
    "id": 81,
    "occupation": "Mariner"
  },
  {
    "name": "Jessica D. Hales",
    "avatar": "",
    "id": 52,
    "occupation": "Typesetting machine operator"
  },
  {
    "name": "Lawrence C. Young",
    "avatar": "https://s3.amazonaws.com/uifaces/faces/twitter/kerem/128.jpg",
    "id": 18,
    "occupation": "Construction and maintenance painter"
  },
  {
    "name": "Hunter S. Niall",
    "avatar": "https://s3.amazonaws.com/uifaces/faces/twitter/wr/128.jpg",
    "id": 72,
    "occupation": "Server"
  },
  {
    "name": "Julia A. Robles",
    "avatar": "https://s3.amazonaws.com/uifaces/faces/twitter/pixeliris/128.jpg",
    "id": 79,
    "occupation": "Prosthodontist"
  },
  {
    "name": "Rosemary J. Ray",
    "avatar": "",
    "id": 59,
    "occupation": "Funeral manager"
  },
  {
    "name": "David S. Proctor",
    "avatar": "",
    "id": 61,
    "occupation": "Dental ceramist"
  },
  {
    "name": "Thomas A. McDuffie",
    "avatar": "https://s3.amazonaws.com/uifaces/faces/twitter/dustinlamont/128.jpg",
    "id": 63,
    "occupation": "Sewer"
  },
  {
    "name": "John S. Sheppard",
    "avatar": "",
    "id": 56,
    "occupation": "Delivery service truck driver"
  },
  {
    "name": "Holly J. Briggs",
    "avatar": "",
    "id": 49,
    "occupation": "Ophthalmic laboratory technician"
  },
  {
    "name": "Rose M. Dickens",
    "avatar": "https://s3.amazonaws.com/uifaces/faces/twitter/walterstephanie/128.jpg",
    "id": 11,
    "occupation": "Hairdresser"
  },
  {
    "name": "Martin N. Hardin",
    "avatar": "",
    "id": 13,
    "occupation": "Power plant distributor"
  },
  {
    "name": "Hannah R. Bryan",
    "avatar": "",
    "id": 67,
    "occupation": "Loan closer"
  },
  {
    "name": "Nathan S. Myers",
    "avatar": "https://s3.amazonaws.com/uifaces/faces/twitter/jonatan/128.jpg",
    "id": 73,
    "occupation": "Chemical technician"
  },
  {
    "name": "Matthew H. Glover",
    "avatar": "https://s3.amazonaws.com/uifaces/faces/twitter/flame_kaizar/128.jpg",
    "id": 29,
    "occupation": "Transportation attendant"
  },
  {
    "name": "Mia N. Brennan",
    "avatar": "https://s3.amazonaws.com/uifaces/faces/twitter/liang/128.jpg",
    "id": 54,
    "occupation": "Health psychologist"
  },
  {
    "name": "Michael P. Martin",
    "avatar": "",
    "id": 47,
    "occupation": "Industrial engineering technician"
  },
  {
    "name": "Freya M. Glover",
    "avatar": "https://s3.amazonaws.com/uifaces/faces/twitter/jennyshen/128.jpg",
    "id": 34,
    "occupation": "Maintenance electrician"
  },
  {
    "name": "Jamie R. King",
    "avatar": "https://s3.amazonaws.com/uifaces/faces/twitter/i_makethings/128.jpg",
    "id": 65,
    "occupation": "Photoengraver"
  },
  {
    "name": "Sienna J. Oberg",
    "avatar": "https://s3.amazonaws.com/uifaces/faces/twitter/raquelwilson/128.jpg",
    "id": 8,
    "occupation": "Deckhand"
  },
  {
    "name": "Lara A. Muecke",
    "avatar": "",
    "id": 42,
    "occupation": "Registered representative"
  },
  {
    "name": "Claire H. Cumbrae",
    "avatar": "https://s3.amazonaws.com/uifaces/faces/twitter/jesseddy/128.jpg",
    "id": 71,
    "occupation": "Banker investigator"
  },
  {
    "name": "Kian E. Matthews",
    "avatar": "",
    "id": 7,
    "occupation": "Earth driller"
  },
  {
    "name": "Mohammad E. Singh",
    "avatar": "https://s3.amazonaws.com/uifaces/faces/twitter/natemhanson/128.jpg",
    "id": 5,
    "occupation": "Auditing clerk"
  },
  {
    "name": "Kieran Z. Davidson",
    "avatar": "https://s3.amazonaws.com/uifaces/faces/twitter/manoukvdberg/128.jpg",
    "id": 4,
    "occupation": "Short-order cook"
  },
  {
    "name": "Tracy W. Chin",
    "avatar": "",
    "id": 3,
    "occupation": "Clerk"
  },
  {
    "name": "Nicole M. Brooks",
    "avatar": "https://s3.amazonaws.com/uifaces/faces/twitter/geeftvorm/128.jpg",
    "id": 28,
    "occupation": "Auto damage appraiser"
  },
  {
    "name": "Ronald M. Stone",
    "avatar": "",
    "id": 50,
    "occupation": "Motel desk clerk"
  },
  {
    "name": "Arline T. Williams",
    "avatar": "https://s3.amazonaws.com/uifaces/faces/twitter/nikkitaftw/128.jpg",
    "id": 21,
    "occupation": "Design printing machine operator"
  },
  {
    "name": "Harry S. Burston",
    "avatar": "https://s3.amazonaws.com/uifaces/faces/twitter/draganbabic/128.jpg",
    "id": 62,
    "occupation": "Social and community service manager"
  },
  {
    "name": "Sofia S. Parkin",
    "avatar": "",
    "id": 1,
    "occupation": "Terrazzo worker"
  },
  {
    "name": "Owen E. Nolan",
    "avatar": "",
    "id": 9,
    "occupation": "Guitar repairer"
  },
  {
    "name": "Alana L. Follett",
    "avatar": "https://s3.amazonaws.com/uifaces/faces/twitter/chexee/128.jpg",
    "id": 12,
    "occupation": "Special education teacher"
  },
  {
    "name": "Desmond J. Carnes",
    "avatar": "",
    "id": 24,
    "occupation": "Yoga instructor"
  },
  {
    "name": "Leo Y. Alexander",
    "avatar": "",
    "id": 70,
    "occupation": "Stock clerk"
  },
  {
    "name": "Ashley R. Johnson",
    "avatar": "https://s3.amazonaws.com/uifaces/faces/twitter/nettatheninja/128.jpg",
    "id": 35,
    "occupation": "Transportation attendant"
  },
  {
    "name": "Georgina H. Gibbons",
    "avatar": "",
    "id": 53,
    "occupation": "Adult secondary education teacher"
  },
  {
    "name": "Daniel J. Scott",
    "avatar": "",
    "id": 48,
    "occupation": "Maxillofacial radiologist"
  },
  {
    "name": "Hayden M. Walstab",
    "avatar": "https://s3.amazonaws.com/uifaces/faces/twitter/joshuasortino/128.jpg",
    "id": 26,
    "occupation": "Web designer"
  },
  {
    "name": "Zac A. Massie",
    "avatar": "https://s3.amazonaws.com/uifaces/faces/twitter/shalt0ni/128.jpg",
    "id": 33,
    "occupation": "Commercial pilot"
  },
  {
    "name": "Darcy A. Farr",
    "avatar": "https://s3.amazonaws.com/uifaces/faces/twitter/syswarren/128.jpg",
    "id": 41,
    "occupation": "Child care worker"
  },
  {
    "name": "Joseph C. Knorr",
    "avatar": "",
    "id": 37,
    "occupation": "Social science research assistant"
  },
  {
    "name": "Samuel J. Hartley",
    "avatar": "",
    "id": 66,
    "occupation": "Industrial engineering technician"
  },
  {
    "name": "Kiara C. Bunce",
    "avatar": "",
    "id": 15,
    "occupation": "Control room trainee"
  },
  {
    "name": "Scarlett J. Sinclair",
    "avatar": "https://s3.amazonaws.com/uifaces/faces/twitter/stylecampaign/128.jpg",
    "id": 43,
    "occupation": "News photographer"
  },
  {
    "name": "Richard L. Baughman",
    "avatar": "https://s3.amazonaws.com/uifaces/faces/twitter/teleject/128.jpg",
    "id": 83,
    "occupation": "Crop scientist"
  },
  {
    "name": "Leah E. Marr",
    "avatar": "https://s3.amazonaws.com/uifaces/faces/twitter/kfriedson/128.jpg",
    "id": 76,
    "occupation": "Addictions nurse"
  },
  {
    "name": "Ernest M. Jackson",
    "avatar": "",
    "id": 64,
    "occupation": "Technical sales support worker"
  },
  {
    "name": "John C. Ashby",
    "avatar": "",
    "id": 20,
    "occupation": "Computer chip processor"
  },
  {
    "name": "Thomas I. Rolland",
    "avatar": "",
    "id": 25,
    "occupation": "Farmhand"
  },
  {
    "name": "Claire C. O'Donnell",
    "avatar": "https://s3.amazonaws.com/uifaces/faces/twitter/jina/128.jpg",
    "id": 58,
    "occupation": "Woodworking machine tender"
  },
  {
    "name": "Nicholas M. Vogel",
    "avatar": "https://s3.amazonaws.com/uifaces/faces/twitter/peterme/128.jpg",
    "id": 40,
    "occupation": "Electromechanical equipment assembler"
  },
  {
    "name": "Jason P. Varela",
    "avatar": "https://s3.amazonaws.com/uifaces/faces/twitter/soyjavi/128.jpg",
    "id": 2,
    "occupation": "Ticket seller"
  },
  {
    "name": "Bailey G. Brazenor",
    "avatar": "",
    "id": 44,
    "occupation": "Oxy-gas cutter"
  },
  {
    "name": "George J. Weigel",
    "avatar": "",
    "id": 16,
    "occupation": "Museum director"
  },
  {
    "name": "Lucy B. Fulks",
    "avatar": "",
    "id": 30,
    "occupation": "Personnel administrator"
  },
  {
    "name": "Rebecca X. Lesina",
    "avatar": "",
    "id": 51,
    "occupation": "Hairstylist"
  },
  {
    "name": "Leah L. McDonagh",
    "avatar": "https://s3.amazonaws.com/uifaces/faces/twitter/idiot_girl/128.jpg",
    "id": 10,
    "occupation": "Land acquisition specialist"
  },
  {
    "name": "Owen A. Walker",
    "avatar": "https://s3.amazonaws.com/uifaces/faces/twitter/samjenkins/128.jpg",
    "id": 57,
    "occupation": "Grocery bagger"
  },
  {
    "name": "Amber J. Kent",
    "avatar": "https://s3.amazonaws.com/uifaces/faces/twitter/chloepark/128.jpg",
    "id": 68,
    "occupation": "Bartender helper"
  },
  {
    "name": "Donna R. Maze",
    "avatar": "https://s3.amazonaws.com/uifaces/faces/twitter/keizgoesboom/128.jpg",
    "id": 74,
    "occupation": "Operating engineer"
  }
]